City_ID,City,Lat,Lng,Max Temp,Humidity,Cloudiness,Wind Speed,Country,Date
0,birao,10.2849,22.7882,91.27,19,94,4.81,CF,1667572435
1,mpongwe,-13.5091,28.155,83.98,30,93,1.36,ZM,1667572435
2,ushuaia,-54.8,-68.3,47.86,76,75,20.71,AR,1667572229
3,new norfolk,-42.7826,147.0587,53.71,69,82,0.76,AU,1667571957
4,shimoda,34.6667,138.95,56.1,86,77,20.2,JP,1667572229
5,hobart,-42.8794,147.3294,54.05,83,100,0.0,AU,1667572243
6,rio bueno,-40.3167,-72.9667,53.74,46,99,1.48,CL,1667572436
7,esperance,-33.8667,121.9,60.24,75,100,14.72,AU,1667572372
8,promyshlennovskiy,55.4833,86.2,27.37,83,22,3.33,RU,1667572437
9,launceston,-41.45,147.1667,51.44,81,100,4.61,AU,1667572437
10,lazaro cardenas,17.9583,-102.2,79.43,79,91,3.33,MX,1667572438
11,albany,42.6001,-73.9662,58.59,73,22,4.36,US,1667572236
12,llanes,43.4198,-4.7549,65.89,69,86,15.75,ES,1667572438
13,norman wells,65.282,-126.8329,6.84,78,100,11.5,CA,1667572375
14,saskylakh,71.9167,114.0833,-4.31,97,100,8.97,RU,1667572252
15,uruzgan,32.8333,66.0,60.69,33,100,6.98,AF,1667572439
16,east london,-33.0153,27.9116,70.74,83,40,6.91,ZA,1667572225
17,atuona,-9.8,-139.0333,76.78,80,34,15.35,PF,1667572231
18,codajas,-3.8367,-62.0569,87.21,49,52,5.19,BR,1667572439
19,ilave,-16.0833,-69.6667,60.85,26,5,6.62,PE,1667572440
20,hithadhoo,-0.6,73.0833,81.77,75,89,10.85,MV,1667572250
21,mataura,-46.1927,168.8643,46.53,65,95,10.36,NZ,1667572227
22,victoria,22.2855,114.1577,73.45,84,98,13.0,HK,1667572195
23,rikitea,-23.1203,-134.9692,70.18,68,100,13.69,PF,1667572239
24,cherskiy,68.75,161.3,-12.98,88,48,4.43,RU,1667572251
25,cape town,-33.9258,18.4232,73.81,74,20,13.8,ZA,1667572228
26,buala,-8.145,159.5921,79.11,82,90,1.05,SB,1667572441
27,kavieng,-2.5744,150.7967,82.26,76,85,5.82,PG,1667572441
28,punta arenas,-53.15,-70.9167,55.51,71,75,14.97,CL,1667572239
29,vaini,-21.2,-175.2,75.36,83,20,5.75,TO,1667572329
30,colares,38.7992,-9.4469,71.46,55,0,14.0,PT,1667572441
31,usinsk,65.9939,57.5281,7.57,76,0,2.35,RU,1667572442
32,geraldton,-28.7667,114.6,63.01,72,0,13.8,AU,1667572442
33,cristobal obregon,16.35,-93.5333,74.08,85,74,2.06,MX,1667572442
34,qaanaaq,77.484,-69.3632,20.46,64,100,12.97,GL,1667572237
35,bambous virieux,-20.3428,57.7575,77.25,73,40,6.91,MU,1667572278
36,abu kamal,34.4506,40.9171,70.61,30,0,2.8,SY,1667572443
37,mar del plata,-38.0023,-57.5575,69.84,76,0,20.0,AR,1667572101
38,ponta do sol,32.6667,-17.1,77.0,79,8,1.01,PT,1667571979
39,cordoba,-31.4135,-64.1811,78.76,24,0,19.57,AR,1667572443
40,quang ngai,15.1167,108.8,72.09,87,39,3.62,VN,1667572347
41,pampa,35.5362,-100.9599,37.56,81,75,20.71,US,1667572444
42,zyryanskoye,56.8306,86.6258,24.76,88,12,2.13,RU,1667572445
43,sehithwa,-20.4667,22.7167,84.16,40,50,10.33,BW,1667572368
44,busselton,-33.65,115.3333,52.2,84,0,8.28,AU,1667572230
45,egvekinot,66.3167,-179.1667,0.48,84,3,7.18,RU,1667572337
46,kalengwa,-13.4659,25.0027,82.17,38,70,4.59,ZM,1667572446
47,urumqi,43.801,87.6005,40.15,70,0,4.47,CN,1667572234
48,hohhot,40.8106,111.6522,26.89,63,0,4.47,CN,1667572447
49,miri,4.4148,114.0089,77.14,94,40,3.44,MY,1667572448
50,natchez,31.5604,-91.4032,72.84,88,75,17.27,US,1667572448
51,saint-philippe,-21.3585,55.7679,76.59,81,98,5.32,RE,1667572449
52,zhigansk,66.7697,123.3711,2.7,95,100,18.34,RU,1667572336
53,noumea,-22.2763,166.4572,73.38,82,96,12.26,NC,1667572449
54,hilo,19.7297,-155.09,74.62,91,100,8.05,US,1667572218
55,pangnirtung,66.1451,-65.7125,12.2,67,75,5.75,CA,1667572298
56,dikson,73.5069,80.5464,19.58,95,95,3.8,RU,1667572253
57,klaksvik,62.2266,-6.589,43.72,88,100,28.83,FO,1667572284
58,mahebourg,-20.4081,57.7,77.29,73,40,6.91,MU,1667572250
59,puerto ayora,-0.7393,-90.3518,71.56,73,95,11.3,EC,1667572239
60,farafangana,-22.8167,47.8333,74.79,84,75,10.36,MG,1667572450
61,kidal,18.4411,1.4078,89.33,13,69,13.06,ML,1667572451
62,korla,41.7597,86.1469,48.31,35,86,4.34,CN,1667572451
63,thompson,55.7435,-97.8558,1.56,92,75,0.0,CA,1667572006
64,saint-pierre,-21.3393,55.4781,76.68,73,100,5.75,RE,1667572228
65,paamiut,61.994,-49.6678,33.33,98,100,22.41,GL,1667572452
66,kapaa,22.0752,-159.319,79.12,87,20,9.22,US,1667572254
67,saint-georges,12.0564,-61.7485,76.03,89,100,10.74,GD,1667572402
68,bahraich,27.5833,81.6,72.79,61,0,3.38,IN,1667572452
69,anadyr,64.75,177.4833,-7.1,84,0,11.18,RU,1667572382
70,edson,53.5835,-116.4356,26.74,74,100,5.75,CA,1667572453
71,murray bridge,-35.1167,139.2667,52.34,85,8,1.28,AU,1667572453
72,hokitika,-42.7167,170.9667,50.4,85,50,9.53,NZ,1667572454
73,jamestown,42.097,-79.2353,62.19,66,0,8.05,US,1667572454
74,zhangye,38.9342,100.4517,41.13,35,96,4.27,CN,1667572454
75,gat,31.61,34.7642,74.39,24,29,11.92,IL,1667572410
76,provideniya,64.3833,-173.3,10.49,81,4,8.5,RU,1667572241
77,nevelsk,46.6733,141.8633,36.84,54,42,16.67,RU,1667572455
78,airai,-8.9266,125.4092,62.33,85,82,1.5,TL,1667572249
79,barrow,71.2906,-156.7887,12.22,92,100,5.75,US,1667572251
80,tabou,4.423,-7.3528,82.02,76,100,6.93,CI,1667572267
81,ilulissat,69.2167,-51.1,28.42,80,75,3.44,GL,1667572401
82,igarka,67.4667,86.5833,6.84,88,100,9.75,RU,1667572456
83,avarua,-21.2078,-159.775,73.45,78,20,13.8,CK,1667572299
84,hermanus,-34.4187,19.2345,71.8,69,8,18.32,ZA,1667572249
85,banda aceh,5.5577,95.3222,77.58,87,99,5.79,ID,1667572456
86,codrington,-38.2667,141.9667,50.94,80,100,7.23,AU,1667572405
87,sungaipenuh,-2.0833,101.3833,66.38,96,100,0.92,ID,1667572456
88,castro,-24.7911,-50.0119,62.92,52,14,5.68,BR,1667572255
89,humboldt,40.6665,-123.9178,41.54,72,100,3.74,US,1667572457
90,leningradskiy,69.3833,178.4167,4.33,96,100,7.16,RU,1667572385
91,bengkulu,-3.8004,102.2655,76.82,87,100,3.11,ID,1667572298
92,port lincoln,-34.7333,135.8667,57.72,81,96,10.45,AU,1667572227
93,bluff,-46.6,168.3333,48.99,68,100,27.07,NZ,1667572278
94,xai-xai,-25.0519,33.6442,82.08,63,50,12.15,MZ,1667572458
95,jibuti,11.5,42.5,78.17,63,42,11.81,DJ,1667572458
96,ocampo,21.65,-101.5,64.62,36,5,5.08,MX,1667572458
97,lima,-12.0432,-77.0282,61.05,77,100,10.36,PE,1667572238
98,khatanga,71.9667,102.5,-5.01,100,95,3.8,RU,1667572315
99,abrau-dyurso,44.69,37.59,49.46,66,62,9.55,RU,1667572459
100,lata,40.1629,-8.3327,65.07,43,100,4.05,PT,1667572335
101,ormara,25.2088,64.6357,80.8,65,99,13.65,PK,1667572460
102,jalu,29.0331,21.5482,75.52,33,48,5.06,LY,1667572461
103,sukhumi,43.0033,41.0153,54.52,85,71,5.14,GE,1667572461
104,sarkand,45.41,79.9186,48.99,46,99,3.8,KZ,1667572370
105,sambava,-14.2667,50.1667,74.37,78,83,4.92,MG,1667572413
106,partenit,44.578,34.3446,54.75,62,52,1.07,UA,1667572461
107,baruun-urt,46.6806,113.2792,23.68,57,2,5.95,MN,1667572462
108,chokurdakh,70.6333,147.9167,-19.68,94,70,1.92,RU,1667572230
109,vestmannaeyjar,63.4427,-20.2734,45.59,87,20,23.02,IS,1667572425
110,muros,42.7762,-9.0603,67.15,55,100,6.73,ES,1667572463
111,burnie,-41.0667,145.9167,47.95,78,3,4.79,AU,1667572463
112,imamoglu,37.2651,35.6572,74.91,55,0,6.26,TR,1667572463
113,kodiak,57.79,-152.4072,27.91,43,0,32.21,US,1667572280
114,itoman,26.1247,127.6694,73.42,64,100,14.97,JP,1667572464
115,dudinka,69.4058,86.1778,11.62,87,100,17.34,RU,1667572464
116,port elizabeth,-33.918,25.5701,79.11,78,0,17.27,ZA,1667572251
117,sulangan,11.1373,123.7228,83.61,74,14,12.97,PH,1667572465
118,robertsport,6.7533,-11.3686,82.89,72,15,9.73,LR,1667572465
119,torbay,47.6666,-52.7314,52.29,80,75,8.05,CA,1667572224
120,sicamous,50.8331,-118.9856,35.19,97,100,2.01,CA,1667572466
121,omsukchan,62.5333,155.8,-1.19,95,97,5.08,RU,1667572376
122,nikolskoye,59.7035,30.7861,30.09,80,16,3.36,RU,1667572236
123,liverpool,53.4106,-2.9779,54.64,73,40,13.8,GB,1667572466
124,mount isa,-20.7333,139.5,71.37,21,0,9.22,AU,1667572469
125,carnarvon,-24.8667,113.6333,68.07,77,0,24.16,AU,1667572230
126,cabangahan,9.0781,122.9469,80.8,80,97,4.25,PH,1667572470
127,hofn,64.2539,-15.2082,46.42,57,0,4.61,IS,1667572316
128,pisco,-13.7,-76.2167,62.65,82,100,3.44,PE,1667572292
129,kiama,-34.6833,150.8667,61.0,83,56,1.01,AU,1667572232
130,sao filipe,14.8961,-24.4956,81.54,61,75,8.43,CV,1667572241
131,baykit,61.67,96.37,9.52,99,94,2.15,RU,1667572470
132,caravelas,-17.7125,-39.2481,72.41,67,100,16.73,BR,1667572241
133,oussouye,12.485,-16.5469,91.58,25,100,5.82,SN,1667572471
134,sola,-13.8833,167.55,79.92,74,9,4.47,VU,1667572471
135,nioro,13.35,-15.75,94.08,17,51,7.34,GM,1667572358
136,matara,5.9485,80.5353,77.29,89,81,6.26,LK,1667572472
137,delta del tigre,-34.7633,-56.3853,68.41,45,40,11.5,UY,1667572472
138,deputatskiy,69.3,139.9,-14.93,90,85,2.51,RU,1667572472
139,novikovo,51.1537,37.8879,38.61,66,97,3.18,RU,1667572473
140,andros,37.8333,24.9333,68.56,72,0,3.0,GR,1667572473
141,sitka,57.0531,-135.33,39.09,81,100,9.22,US,1667572135
142,hutchinson,38.0608,-97.9298,37.35,93,100,16.11,US,1667572437
143,houma,29.5958,-90.7195,77.0,96,75,12.66,US,1667572182
144,flinders,-34.5833,150.8552,60.39,76,51,4.76,AU,1667572294
145,soria,41.6667,-2.6667,55.11,61,95,13.49,ES,1667572474
146,bredasdorp,-34.5322,20.0403,70.41,69,55,14.07,ZA,1667572379
147,ambatondrazaka,-17.8333,48.4167,76.1,54,97,2.77,MG,1667572475
148,berlevag,70.8578,29.0864,41.0,81,75,10.36,NO,1667572476
149,hutang,31.5333,119.4833,52.65,62,55,6.24,CN,1667572476
150,raton,36.9034,-104.4391,30.81,93,100,10.36,US,1667572230
151,grindavik,63.8424,-22.4338,43.27,87,75,18.41,IS,1667572476
152,tuktoyaktuk,69.4541,-133.0374,14.0,85,100,14.97,CA,1667572226
153,mutoko,-17.397,32.2268,75.81,50,100,3.74,ZW,1667572477
154,lokomotivnyy,53.0118,60.5684,29.03,83,98,15.95,RU,1667572477
155,vostok,46.4856,135.8833,18.12,69,7,5.44,RU,1667572477
156,san vicente,-26.6167,-54.1333,74.71,34,0,2.66,AR,1667572315
157,bairiki,1.3292,172.9752,78.8,78,20,5.75,KI,1667572478
158,ciro marina,39.3732,17.126,73.27,70,100,14.67,IT,1667572478
159,georgetown,5.4112,100.3354,78.73,94,20,7.0,MY,1667572229
160,severo-kurilsk,50.6789,156.125,37.81,73,55,11.12,RU,1667572246
161,general pico,-35.6566,-63.7568,81.07,21,66,18.32,AR,1667572479
162,mataram,-8.5833,116.1167,79.61,86,100,6.64,ID,1667572479
163,ketou,7.3633,2.5998,90.91,47,95,4.74,BJ,1667572480
164,port alfred,-33.5906,26.891,70.18,86,66,4.0,ZA,1667572267
165,det udom,14.906,105.0784,75.02,76,16,7.38,TH,1667572480
166,arraial do cabo,-22.9661,-42.0278,69.66,73,75,8.05,BR,1667572292
167,gravdal,68.1214,13.5031,48.09,66,0,8.05,NO,1667572480
168,kolpny,52.2282,37.0368,34.88,78,100,4.32,RU,1667572481
169,hualmay,-11.0964,-77.6139,66.92,72,52,8.63,PE,1667572367
170,tuatapere,-46.1333,167.6833,45.55,77,97,12.8,NZ,1667572481
171,roma,43.2128,-75.4557,63.82,62,0,6.91,US,1667572284
172,coffs harbour,-30.3,153.1333,58.96,77,100,9.22,AU,1667572481
173,ajaccio,42.0,8.9167,64.45,52,100,11.5,FR,1667572411
174,belomorsk,64.5232,34.7668,36.12,91,100,6.53,RU,1667572482
175,poum,-20.2333,164.0167,78.4,76,3,11.41,NC,1667572350
176,cockburn town,21.4612,-71.1419,80.37,70,6,9.6,TC,1667572346
177,butaritari,3.0707,172.7902,79.32,74,32,11.81,KI,1667572232
178,tahe,52.3333,124.7333,19.49,93,100,3.44,CN,1667572482
179,brae,60.3964,-1.353,49.41,79,68,17.56,GB,1667572483
180,puerto madryn,-42.7692,-65.0385,80.28,20,8,25.46,AR,1667572483
181,isangel,-19.55,169.2667,76.19,86,1,3.24,VU,1667572483
182,tilichiki,60.4667,166.1,34.2,98,100,24.02,RU,1667572351
183,simplicio mendes,-7.8539,-41.9103,87.26,50,90,5.79,BR,1667572484
184,tokur,53.1333,132.9,8.1,97,100,2.75,RU,1667572484
185,kaitangata,-46.2817,169.8464,49.12,56,70,16.51,NZ,1667572272
186,santo angelo,-28.2992,-54.2631,71.92,49,0,13.8,BR,1667572485
187,atar,20.5169,-13.0499,92.95,8,0,13.82,MR,1667572486
188,malanje,-9.5402,16.341,76.39,70,37,6.31,AO,1667572486
189,san patricio,28.017,-97.5169,82.26,84,79,18.43,US,1667572409
190,matata,-37.8833,176.75,55.85,86,0,9.69,NZ,1667572487
191,verkhnevilyuysk,63.4453,120.3167,14.07,91,100,9.01,RU,1667572487
192,polyarnyy,69.1989,33.4478,37.69,94,100,13.76,RU,1667572403
193,jishou,28.3167,109.7167,57.43,67,38,3.13,CN,1667572383
194,la ronge,55.1001,-105.2842,19.65,86,100,14.97,CA,1667572310
195,rawlins,41.7911,-107.2387,16.36,79,0,19.57,US,1667572488
196,truth or consequences,33.1284,-107.2528,42.15,46,0,9.22,US,1667572260
197,thanh hoa,19.8,105.7667,71.69,81,5,2.3,VN,1667572344
198,palauig,15.435,119.9045,79.45,83,77,5.7,PH,1667572488
199,santa cruz de la palma,28.6835,-17.7642,77.14,61,40,11.5,ES,1667572489
200,fortuna,40.5982,-124.1573,50.34,92,100,10.0,US,1667572245
201,touros,-5.1989,-35.4608,86.31,60,55,10.65,BR,1667572168
202,namibe,-15.1961,12.1522,73.11,63,80,10.94,AO,1667572177
203,yumen,40.2833,97.2,37.67,35,100,11.7,CN,1667572489
204,chibombo,-14.6569,28.0706,86.2,32,82,4.99,ZM,1667572489
205,tortoli,39.9256,9.6572,64.22,45,20,8.05,IT,1667572490
206,luderitz,-26.6481,15.1594,67.84,69,0,9.57,NA,1667572001
207,tasiilaq,65.6145,-37.6368,28.71,82,100,19.82,GL,1667572009
208,arusha,-3.3667,36.6833,77.47,35,99,10.76,TZ,1667572490
209,lorengau,-2.0226,147.2712,80.91,79,62,1.28,PG,1667572297
210,kamaishi,39.2667,141.8833,43.63,72,7,4.99,JP,1667572491
211,talnakh,69.4865,88.3972,11.21,95,100,10.65,RU,1667572038
212,prudyanka,50.2361,36.1683,41.16,86,87,3.38,UA,1667572491
213,hami,42.8,93.45,48.06,24,6,6.44,CN,1667572492
214,dabhol,17.6,73.1667,76.59,59,1,5.44,IN,1667572492
215,cairns,-16.9167,145.7667,77.07,91,100,10.36,AU,1667572492
216,boende,-0.2167,20.8667,74.52,95,96,2.1,CD,1667572493
217,albury,-36.0833,146.9167,53.02,100,13,1.01,AU,1667572216
218,krutinka,56.0055,71.5113,35.65,96,100,19.44,RU,1667572493
219,athabasca,54.7169,-113.2854,23.13,69,49,8.5,CA,1667572493
220,namatanai,-3.6667,152.4333,80.08,79,87,1.86,PG,1667572408
221,hambantota,6.1241,81.1185,78.87,85,92,8.7,LK,1667572494
222,kruisfontein,-34.0033,24.7314,76.89,69,3,19.22,ZA,1667572231
223,kautokeino,69.0125,23.0412,34.74,99,100,4.88,NO,1667572496
224,padang,-0.9492,100.3543,75.25,93,100,5.57,ID,1667572421
225,ribeira grande,38.5167,-28.7,70.2,94,75,8.05,PT,1667572250
226,college,64.8569,-147.8028,11.07,87,100,4.61,US,1667572496
227,guadalupe victoria,32.2869,-115.105,48.27,32,18,8.12,MX,1667572497
228,faanui,-16.4833,-151.75,77.47,80,100,23.6,PF,1667572310
229,nanortalik,60.1432,-45.2371,38.32,71,100,15.52,GL,1667572332
230,ancud,-41.8697,-73.8203,57.18,79,58,8.12,CL,1667572383
231,san alberto,7.7611,-73.3922,81.61,76,100,3.06,CO,1667572497
232,bayan,46.0833,127.4,26.4,50,12,8.25,CN,1667572498
233,kemise,10.7167,39.8667,72.75,46,27,6.17,ET,1667572498
234,nabire,-3.3667,135.4833,77.22,91,100,3.04,ID,1667572499
235,hasaki,35.7333,140.8333,54.0,68,99,22.21,JP,1667572414
236,vardo,70.3705,31.1107,40.98,81,75,10.36,NO,1667571978
237,te anau,-45.4167,167.7167,42.67,86,91,5.17,NZ,1667572359
238,matay,28.419,30.7792,76.17,35,52,13.53,EG,1667572501
239,lagoa,39.05,-27.9833,66.42,92,98,14.83,PT,1667572501
240,lompoc,34.6391,-120.4579,55.78,88,0,3.44,US,1667572501
241,bermejo,-32.8833,-68.8,73.31,18,0,6.91,AR,1667572502
242,semnan,35.5729,53.3971,62.44,27,20,2.3,IR,1667572502
243,turlock,37.4947,-120.8466,43.02,93,0,4.61,US,1667572502
244,kenai,60.5544,-151.2583,26.15,72,75,5.75,US,1667572503
245,tiksi,71.6872,128.8694,2.21,89,92,7.56,RU,1667572273
246,teya,60.3778,92.6267,25.66,99,100,2.13,RU,1667572503
247,lebu,-37.6167,-73.65,58.78,75,100,8.72,CL,1667572268
248,bethel,41.3712,-73.414,60.67,93,40,0.0,US,1667572276
249,haapiti,-17.5667,-149.8667,74.93,78,77,21.63,PF,1667572504
250,kemijarvi,66.7131,27.4306,39.63,97,100,9.24,FI,1667572504
251,suntar,62.1444,117.6319,15.17,91,100,10.83,RU,1667572504
252,henties bay,-22.116,14.2845,63.64,69,0,9.37,NA,1667572505
253,labuhan,-6.8844,112.2051,82.56,74,100,3.15,ID,1667572505
254,san quintin,30.4833,-115.95,57.52,45,3,3.02,MX,1667572505
255,kedrovoye,57.1576,60.5698,31.55,95,100,10.29,RU,1667572506
256,yellowknife,62.456,-114.3525,14.52,85,75,11.5,CA,1667572224
257,saint-paul,-21.0096,55.2707,77.11,78,100,0.69,RE,1667572187
258,cabinda,-5.55,12.2,81.18,75,64,9.33,AO,1667572506
259,taltal,-25.4,-70.4833,63.1,68,17,5.91,CL,1667572334
260,kodinsk,58.6881,99.1844,24.8,99,100,1.12,RU,1667572508
261,allapalli,19.4167,80.0667,67.06,73,0,1.99,IN,1667572508
262,vallenar,-28.5708,-70.7581,75.16,31,68,6.87,CL,1667572508
263,port hardy,50.6996,-127.4199,39.38,100,100,12.66,CA,1667571980
264,san isidro,-12.1167,-77.05,62.19,77,100,10.36,PE,1667572509
265,asyut,27.181,31.1837,78.98,29,0,10.47,EG,1667572509
266,itarema,-2.9248,-39.9167,88.14,51,52,11.25,BR,1667572509
267,mackay,-21.15,149.2,62.69,63,0,15.75,AU,1667572510
268,chapadinha,-3.7417,-43.3603,83.82,73,90,3.47,BR,1667572510
269,praia da vitoria,38.7333,-27.0667,73.65,83,40,11.86,PT,1667572510
270,narsaq,60.9167,-46.05,46.62,74,100,6.24,GL,1667572511
271,meghraj,23.5,73.5,80.58,31,0,1.28,IN,1667572511
272,broome,42.2506,-75.833,59.77,71,0,8.05,US,1667572280
273,aleksandrov gay,50.147,48.5704,40.01,75,100,5.53,RU,1667572512
274,wajima,37.4,136.9,52.83,62,94,10.0,JP,1667572512
275,saurimo,-9.6608,20.3916,84.52,54,40,0.0,AO,1667572512
276,kudahuvadhoo,2.6708,72.8944,80.26,81,60,10.11,MV,1667572513
277,clyde river,70.4692,-68.5914,10.63,85,100,18.41,CA,1667572258
278,rio grande,-32.035,-52.0986,68.11,66,100,12.88,BR,1667572449
279,hamilton,39.1834,-84.5333,65.57,74,40,13.8,US,1667572331
280,yershichi,53.6725,32.7542,35.62,83,19,4.7,RU,1667572513
281,cap malheureux,-19.9842,57.6142,76.46,71,49,4.0,MU,1667572267
282,kauhajoki,62.4333,22.1833,40.98,96,51,5.53,FI,1667572514
283,tual,-5.6667,132.75,84.94,72,80,8.81,ID,1667572514
284,dwarka,22.2394,68.9678,81.79,64,0,11.1,IN,1667572514
285,murgab,37.4966,61.9714,62.47,63,75,0.0,TM,1667572515
286,olafsvik,64.8945,-23.7142,41.72,77,100,15.99,IS,1667572274
287,barquisimeto,10.0739,-69.3228,72.23,83,100,6.58,VE,1667572515
288,half moon bay,37.4636,-122.4286,52.32,77,75,4.61,US,1667572415
289,bihariganj,25.7333,86.9833,75.0,51,0,4.05,IN,1667572516
290,coahuayana,18.7333,-103.6833,80.04,78,15,2.55,MX,1667572516
291,emba,48.8264,58.1442,29.41,78,95,10.09,KZ,1667572423
292,tateyama,34.9833,139.8667,58.1,68,100,20.58,JP,1667572517
293,oistins,13.0667,-59.5333,84.29,74,40,11.5,BB,1667572517
294,biak,-0.9131,122.8766,76.3,87,93,0.94,ID,1667572523
295,trinidad,-14.8333,-64.9,78.78,36,48,11.5,BO,1667572464
296,coachella,33.6803,-116.1739,54.54,57,0,3.44,US,1667572523
297,parabel,58.6978,81.4825,26.47,93,91,5.68,RU,1667572405
298,vanimo,-2.6741,141.3028,79.07,85,100,0.85,PG,1667572526
299,desaguadero,-16.5656,-69.0417,55.98,38,4,5.14,PE,1667572527
300,sosva,59.1766,61.8558,28.85,95,100,10.02,RU,1667572527
301,buchanan,5.8808,-10.0467,84.69,67,58,5.28,LR,1667572527
302,quinapondan,11.1574,125.5209,78.37,88,93,4.41,PH,1667572530
303,carnduff,49.1667,-101.8009,26.28,59,0,8.14,CA,1667572530
304,marzuq,14.4,46.4667,76.3,39,3,4.09,YE,1667572531
305,tambacounda,13.7539,-13.7586,100.45,13,0,11.5,SN,1667572531
306,ust-tsilma,65.441,52.1498,11.19,97,29,2.33,RU,1667572531
307,punta de bombon,-17.1717,-71.7931,65.93,71,24,8.68,PE,1667572532
308,palana,59.1167,159.9667,34.18,83,100,9.48,RU,1667572398
309,pevek,69.7008,170.3133,-14.12,97,14,5.06,RU,1667572029
310,hay river,60.8156,-115.7999,19.38,86,100,12.66,CA,1667572532
311,savannah bight,16.45,-85.85,82.22,78,100,14.99,HN,1667572534
312,kamenka,51.3223,42.7678,34.09,99,100,3.2,RU,1667572534
313,kieta,-6.2167,155.6333,79.43,83,100,2.13,PG,1667572535
314,coihaique,-45.5752,-72.0662,70.41,52,0,0.0,CL,1667572510
315,chuy,-33.6971,-53.4616,65.14,53,54,12.48,UY,1667572291
316,rawson,-43.3002,-65.1023,82.58,18,1,26.55,AR,1667572270
317,wattegama,6.7989,81.4808,75.0,93,99,2.06,LK,1667572374
318,zubtsov,56.1753,34.5894,27.9,84,76,4.7,RU,1667572535
319,cabo san lucas,22.8909,-109.9124,68.61,55,74,12.84,MX,1667572206
320,kovdor,67.5662,30.4758,35.94,99,100,5.99,RU,1667572536
321,qiyang,26.5911,111.8474,61.65,55,64,3.02,CN,1667572536
322,kungurtug,50.5994,97.5228,15.8,93,87,1.52,RU,1667572229
323,chilakalurupet,16.0833,80.1667,74.57,90,6,3.74,IN,1667572537
324,bathsheba,13.2167,-59.5167,84.81,74,40,11.5,BB,1667572327
325,ulaangom,49.9811,92.0667,24.98,90,82,0.45,MN,1667572537
326,vila,42.0304,-8.1588,52.68,70,99,4.85,PT,1667572537
327,imeni poliny osipenko,52.4201,136.4853,18.21,90,68,2.1,RU,1667572541
328,beloha,-25.1667,45.05,72.25,75,71,17.54,MG,1667572541
329,cidreira,-30.1811,-50.2056,66.07,60,76,8.14,BR,1667572225
330,sisimiut,66.9395,-53.6735,28.62,96,100,11.72,GL,1667572349
331,rincon,32.296,-81.2354,67.86,82,20,8.05,US,1667572364
332,nantucket,41.2835,-70.0995,64.54,86,0,9.22,US,1667572508
333,kurilsk,45.2333,147.8833,40.1,63,98,21.3,RU,1667572542
334,saint george,37.1041,-113.5841,34.43,69,0,5.75,US,1667572318
335,galesong,-5.3166,119.3661,75.22,81,100,6.15,ID,1667572543
336,calama,-22.4667,-68.9333,68.49,6,0,5.75,CL,1667572548
337,mabaruma,8.2,-59.7833,82.65,71,100,4.32,GY,1667572548
338,tevaitoa,-16.7833,-151.5,77.92,77,96,25.95,PF,1667572549
339,karaidel,55.8337,56.9069,27.28,83,59,4.21,RU,1667572549
340,krasnoselkup,65.7,82.4667,13.12,97,93,6.42,RU,1667572518
341,tautira,-17.7333,-149.15,75.15,84,90,20.22,PF,1667572415
342,uppsala,60.0,17.75,47.64,81,20,11.5,SE,1667572550
343,lavrentiya,65.5833,-171.0,11.55,79,9,11.34,RU,1667572381
344,popondetta,-8.7537,148.2534,72.77,96,100,3.53,PG,1667572550
345,boa vista,2.8197,-60.6733,78.78,73,75,5.75,BR,1667572254
346,bundaberg,-24.85,152.35,64.22,92,52,4.0,AU,1667572550
347,selje,62.0459,5.351,47.86,54,100,4.74,NO,1667572551
348,tura,25.5198,90.2201,67.03,92,0,3.65,IN,1667572423
349,lucea,18.451,-78.1736,83.86,71,12,14.14,JM,1667572551
350,jiquilisco,13.3167,-88.5833,82.51,75,74,2.93,SV,1667572552
351,honningsvag,70.9821,25.9704,42.55,87,100,16.11,NO,1667572552
352,montepuez,-13.1256,38.9997,89.33,32,64,10.92,MZ,1667572552
353,corpus christi,27.8006,-97.3964,80.62,89,100,20.71,US,1667572013
354,vila velha,-20.3297,-40.2925,75.15,77,40,20.71,BR,1667572553
355,victor harbor,-35.5667,138.6167,53.01,86,62,7.74,AU,1667572380
356,matagami,49.7502,-77.6328,55.51,76,40,19.57,CA,1667572376
357,lieksa,63.3167,30.0167,39.92,88,100,7.63,FI,1667572554
358,upernavik,72.7868,-56.1549,27.21,64,100,5.61,GL,1667572249
359,sistranda,63.7256,8.834,53.56,84,100,8.23,NO,1667572555
360,moron,-34.6534,-58.6198,73.94,61,0,9.78,AR,1667572555
361,mount gambier,-37.8333,140.7667,45.46,95,10,4.92,AU,1667572274
362,kuzhener,56.8111,48.9128,31.24,92,100,3.98,RU,1667572556
363,veraval,20.9,70.3667,81.43,61,3,0.58,IN,1667572556
364,santa marta,11.2408,-74.199,83.89,76,75,4.61,CO,1667572363
365,la ligua,-32.4524,-71.2311,64.38,66,90,6.06,CL,1667572556
366,miles city,46.4083,-105.8406,20.37,93,0,9.22,US,1667572408
367,tazovskiy,67.4667,78.7,9.28,95,98,8.08,RU,1667572557
368,rantepao,-2.9701,119.8978,67.28,96,100,2.42,ID,1667572558
369,guerrero negro,27.9769,-114.0611,61.36,46,0,6.46,MX,1667572558
370,khairagarh,26.95,77.8167,79.11,43,0,7.07,IN,1667572558
371,nyurba,63.2842,118.3319,14.41,91,100,9.75,RU,1667572403
372,qianguo,45.1171,124.8568,31.17,42,1,13.31,CN,1667572560
373,longyearbyen,78.2186,15.6401,26.44,86,40,5.75,SJ,1667572560
374,mayor pablo lagerenza,-19.9309,-60.7718,84.09,26,0,6.06,PY,1667572560
375,boguchany,58.3814,97.4531,29.23,98,100,3.47,RU,1667572561
376,opuwo,-18.0607,13.84,87.85,11,7,21.03,NA,1667572561
377,visby,57.6409,18.296,50.22,76,0,21.85,SE,1667572561
378,salinopolis,-0.6136,-47.3561,84.56,68,73,7.76,BR,1667572562
379,arman,59.7,150.1667,19.11,82,59,9.89,RU,1667572562
380,garissa,-0.4536,39.6401,88.7,42,82,9.24,KE,1667572562
381,minas,-34.3759,-55.2377,67.14,51,0,12.26,UY,1667572563
382,kolobovo,56.702,41.3417,34.11,82,100,3.8,RU,1667572563
383,erzin,36.9559,36.2,64.67,71,0,3.44,TR,1667572563
384,carutapera,-1.195,-46.02,87.53,59,58,8.16,BR,1667572564
385,ambovombe,-25.1667,46.0833,71.24,86,98,19.69,MG,1667572564
386,ukiah,39.1502,-123.2078,51.93,83,100,0.0,US,1667571961
387,puerto escondido,15.85,-97.0667,79.63,78,20,4.61,MX,1667572565
388,ngerengere,-6.75,38.1167,84.69,49,33,13.44,TZ,1667572566
389,vila franca do campo,37.7167,-25.4333,74.19,85,15,9.24,PT,1667572566
390,daura,11.5538,11.4085,90.82,16,31,11.34,NG,1667572566
391,jumla,29.2747,82.1838,47.95,85,54,2.64,NP,1667572567
392,ketchikan,55.3422,-131.6461,39.67,93,100,4.61,US,1667572294
393,bahia honda,22.9036,-83.1592,82.08,66,62,11.01,CU,1667572567
394,price,39.5994,-110.8107,27.66,54,0,4.61,US,1667572568
395,dzhebariki-khaya,62.2167,135.8,-1.19,99,99,1.66,RU,1667572569
396,mahibadhoo,3.7833,72.9667,80.85,78,68,9.1,MV,1667572569
397,komsomolskiy,40.4272,71.7189,54.32,87,75,2.3,UZ,1667572383
398,pathein,16.7833,94.7333,75.02,87,7,2.26,MM,1667572570
399,morondava,-20.2833,44.2833,79.47,74,51,16.26,MG,1667572571
400,pringsewu,-5.3582,104.9744,76.23,88,100,5.5,ID,1667572579
401,karratha,-20.7377,116.8463,78.73,49,0,13.8,AU,1667572286
402,hit,33.6416,42.8251,71.89,26,0,7.38,IQ,1667572580
403,tahta,26.7693,31.5021,78.82,28,0,10.51,EG,1667572580
404,tayu,-6.5397,111.0518,81.99,76,100,2.55,ID,1667572581
405,dehui,44.5333,125.7,28.89,51,0,12.66,CN,1667572581
406,keroka,-0.7758,34.9453,56.37,91,100,0.89,KE,1667572581
407,lillehammer,61.1146,10.4674,43.9,91,100,3.85,NO,1667572582
408,lovozero,68.005,35.0117,34.74,95,72,3.91,RU,1667572276
409,port moresby,-9.4431,147.1797,78.22,83,40,3.44,PG,1667572582
410,tottori,35.5,134.2333,54.63,85,94,2.17,JP,1667572582
411,tongchuan,35.0806,109.0897,47.32,78,42,1.3,CN,1667572583
412,pleasanton,37.6624,-121.8747,50.11,81,0,0.0,US,1667572560
413,havre-saint-pierre,50.2334,-63.5986,41.36,70,75,4.61,CA,1667572583
414,nizwa,22.9333,57.5333,79.07,26,100,2.8,OM,1667572584
415,goderich,43.7501,-81.7165,61.12,67,75,18.41,CA,1667572427
416,sneek,53.033,5.6589,55.94,77,67,5.01,NL,1667572584
417,burgeo,47.6167,-57.6152,50.81,78,35,11.77,CA,1667572585
418,las juntas,19.4167,-104.7,71.13,85,34,0.54,MX,1667572585
419,okhotsk,59.3833,143.3,27.68,66,99,11.18,RU,1667572290
420,svetlyy,54.675,20.1347,50.05,66,100,16.46,RU,1667572585
421,manhattan,40.7834,-73.9662,62.6,85,75,4.61,US,1667572586
422,petropavlovsk-kamchatskiy,53.0452,158.6483,30.79,93,75,2.24,RU,1667572586
423,ajdabiya,30.7554,20.2263,72.5,48,0,10.09,LY,1667572587
424,coos bay,43.3665,-124.2179,54.0,98,100,14.97,US,1667572391
425,akureyri,65.6835,-18.0878,39.13,87,75,5.75,IS,1667572587
426,dauriya,49.9333,116.8667,20.34,82,10,5.28,RU,1667572587
427,yarmouth,41.7057,-70.2286,65.01,88,0,12.66,US,1667572588
428,araouane,18.9048,-3.5265,90.66,9,0,7.72,ML,1667572588
429,seoul,37.5683,126.9778,40.44,43,0,5.75,KR,1667572588
430,ballina,-28.8667,153.5667,59.02,95,50,8.7,AU,1667572589
431,xinzhi,36.4989,111.7047,51.6,63,28,4.88,CN,1667572589
432,ngunguru,-35.6167,174.5,55.08,90,17,8.3,NZ,1667572589
433,peniche,39.3558,-9.3811,68.29,68,82,16.98,PT,1667572590
434,saint-francois,46.4154,3.9054,47.64,89,75,6.91,FR,1667572590
435,hobyo,5.3505,48.5268,81.43,68,37,10.67,SO,1667572590
436,narasannapeta,18.4167,84.05,76.48,70,1,5.1,IN,1667572591
437,mayo,38.8876,-76.5119,59.49,96,100,4.61,US,1667572591
438,moerai,-22.4333,-151.3333,71.89,73,99,19.64,PF,1667572268
439,pacific grove,36.6177,-121.9166,49.64,72,0,3.44,US,1667572592
440,constitucion,-35.3333,-72.4167,58.33,64,73,6.31,CL,1667572592
441,zhaoyuan,37.3592,120.3964,43.75,54,0,4.23,CN,1667572592
442,faya,18.3851,42.4509,69.91,70,85,7.47,SA,1667572593
443,rapid valley,44.0625,-103.1463,29.43,76,0,8.01,US,1667572593
444,nelson bay,-32.7167,152.15,62.01,94,0,3.0,AU,1667572593
445,daitari,21.1,85.75,68.85,62,0,3.13,IN,1667572594
446,taoudenni,22.6783,-3.9836,91.36,9,1,6.96,ML,1667572600
447,bentiu,9.2333,29.8333,89.78,30,10,4.38,SS,1667572601
448,vanderhoof,54.0166,-124.0198,23.34,89,99,2.26,CA,1667572601
449,sokoni,-6.4333,39.55,85.86,79,5,13.47,TZ,1667572601
450,coquimbo,-29.9533,-71.3436,56.93,76,100,5.75,CL,1667572603
451,linqing,36.8456,115.7117,47.21,55,0,4.43,CN,1667572603
452,tyret pervaya,53.6703,102.3106,27.03,79,100,2.06,RU,1667572604
453,charters towers,-20.1,146.2667,66.31,68,6,12.48,AU,1667572313
454,salalah,17.0151,54.0924,82.49,61,20,4.61,OM,1667572335
455,tarko-sale,64.9225,77.785,13.98,99,93,6.17,RU,1667572605
456,ahipara,-35.1667,173.1667,56.93,88,9,7.58,NZ,1667572605
457,guiratinga,-16.3494,-53.7583,86.61,28,1,3.06,BR,1667572606
458,baishishan,43.5833,127.5667,25.2,51,0,5.5,CN,1667572606
459,durusu,41.3053,28.6767,62.78,87,4,5.99,TR,1667572606
460,ojhar,20.1,73.9333,71.89,41,0,6.33,IN,1667572607
461,terrasini,38.146,13.0844,75.22,62,40,19.57,IT,1667572607
462,ler,8.3018,30.1418,87.69,36,10,3.53,SS,1667572608
463,ambulu,-8.345,113.6058,77.13,92,100,2.13,ID,1667572608
464,leshukonskoye,64.8989,45.7622,18.14,95,26,2.8,RU,1667572608
465,bulgan,48.8125,103.5347,25.65,59,100,1.9,MN,1667572609
466,abilene,32.4487,-99.7331,72.09,73,100,16.11,US,1667572609
467,yanam,16.7333,82.2167,76.21,85,0,3.74,IN,1667572609
468,manacapuru,-3.2997,-60.6206,82.67,57,75,3.53,BR,1667572610
469,zalantun,48.0,122.7167,30.2,55,100,7.61,CN,1667572610
470,mahanoro,-19.9,48.8,75.36,78,46,10.36,MG,1667572610
471,malakal,9.5334,31.6605,87.94,32,0,4.32,SS,1667572611
472,clovis,36.8252,-119.7029,45.84,87,75,0.0,US,1667572338
473,samarai,-10.6167,150.6667,81.68,77,93,8.48,PG,1667572612
474,sobolevo,54.4299,31.8996,36.72,77,35,6.22,RU,1667572612
475,mehamn,71.0357,27.8492,40.95,93,75,6.91,NO,1667572613
476,pascagoula,30.3658,-88.5561,74.32,91,75,8.05,US,1667572407
477,san francisco,37.7749,-122.4194,52.39,80,75,5.99,US,1667572202
478,dunedin,-45.8742,170.5036,50.81,71,25,7.0,NZ,1667572613
479,port augusta,-32.5,137.7667,63.57,49,20,6.38,AU,1667572614
480,berbera,10.4396,45.0143,83.03,71,14,9.73,SO,1667572397
481,ciudad bolivar,8.1222,-63.5497,74.16,91,100,6.6,VE,1667572614
482,aklavik,68.2191,-135.0107,7.52,95,100,12.26,CA,1667571977
483,kochevo,59.5994,54.3125,29.73,82,100,4.43,RU,1667572616
484,udachnyy,66.4167,112.4,12.45,92,94,16.82,RU,1667572406
485,saint-joseph,-21.3667,55.6167,75.58,82,99,6.64,RE,1667572616
486,chipiona,36.7366,-6.437,75.38,68,40,12.66,ES,1667572616
487,shediac,46.2198,-64.5411,61.09,66,75,17.27,CA,1667572617
488,bolshaya izhora,59.938,29.5772,30.31,72,12,6.71,RU,1667572617
489,kamina,-8.7386,24.9906,75.0,78,66,2.24,CD,1667572618
490,shahganj,26.05,82.6833,75.6,52,0,3.71,IN,1667572618
491,souillac,-20.5167,57.5167,77.38,73,40,6.91,MU,1667572407
492,thinadhoo,0.5333,72.9333,82.44,75,72,11.65,MV,1667572295
493,kaeo,-35.1,173.7833,50.32,94,18,3.96,NZ,1667572619
494,erenhot,43.6475,111.9767,32.58,35,0,10.25,CN,1667572338
495,severodvinsk,64.5635,39.8302,26.71,87,92,5.93,RU,1667572620
496,flin flon,54.7682,-101.865,21.04,86,100,11.5,CA,1667572092
497,darhan,49.4867,105.9228,28.22,62,100,5.86,MN,1667572620
498,maceio,-9.6658,-35.7353,87.24,62,75,1.14,BR,1667572399
499,north bend,43.4065,-124.2243,53.92,97,100,14.97,US,1667572224
500,matabungkay,13.9523,120.6198,78.66,83,13,9.46,PH,1667572621
501,joensuu,62.6012,29.7632,34.29,100,100,8.05,FI,1667572621
502,mitsamiouli,-11.3847,43.2844,88.09,40,20,10.36,KM,1667572622
503,porto novo,6.4965,2.6036,85.82,64,96,7.07,BJ,1667572269
504,vredendal,-31.6683,18.5012,70.29,64,1,17.72,ZA,1667572622
505,los llanos de aridane,28.6585,-17.9182,73.15,79,40,11.5,ES,1667572060
506,ust-maya,60.4167,134.5333,10.72,95,100,5.32,RU,1667572409
507,port blair,11.6667,92.75,80.64,69,40,2.3,IN,1667572313
508,lethem,3.3803,-59.7968,79.09,74,98,7.02,GY,1667572623
509,tres lagoas,-20.7511,-51.6783,77.86,39,0,8.88,BR,1667572623
510,makubetsu,45.3714,141.8211,40.35,58,64,18.12,JP,1667572623
511,cayenne,4.9333,-52.3333,84.24,79,40,4.61,GF,1667572374
512,sao miguel do araguaia,-13.275,-50.1628,87.82,46,14,4.61,BR,1667572624
513,chimore,-16.9833,-65.1333,83.25,22,6,2.93,BO,1667572629
514,itabira,-19.6192,-43.2269,66.69,58,97,6.49,BR,1667572630
515,san ramon,37.7799,-121.978,50.49,82,0,3.44,US,1667572630
516,ossora,59.2353,163.0719,38.57,98,100,25.3,RU,1667572242
517,umm lajj,25.0213,37.2685,81.19,53,99,9.93,SA,1667572122
518,monterey,36.2505,-121.2516,37.17,1,85,2.89,US,1667572522
519,capinopolis,-18.6819,-49.5697,78.08,46,43,8.28,BR,1667572631
520,baglung,28.2719,83.5898,60.01,79,37,3.44,NP,1667572631
521,heihe,50.2441,127.4902,25.38,46,100,4.7,CN,1667572631
522,tigil,57.8,158.6667,33.73,95,100,14.79,RU,1667572243
523,phan thiet,10.9333,108.1,76.42,84,100,9.91,VN,1667572379
524,saryg-sep,51.5,95.6,14.54,95,55,2.8,RU,1667572632
525,bam,29.106,58.357,66.2,54,75,3.83,IR,1667572632
526,morki,56.4303,48.9947,32.61,89,100,3.49,RU,1667572633
527,south yuba city,39.1166,-121.6391,50.2,86,20,0.0,US,1667572633
528,bikaner,28.0167,73.3,82.09,17,0,5.82,IN,1667572633
529,visconde do rio branco,-21.0103,-42.8406,69.82,10,84,10.47,BR,1667572634
530,aksu,41.1231,80.2644,50.45,33,55,3.53,CN,1667572406
531,chumphon,10.3333,98.8333,67.77,79,82,2.64,TH,1667572634
532,shenxian,36.2411,115.6672,48.25,50,9,4.85,CN,1667572635
533,monroe,43.1501,-77.6831,67.3,59,20,13.8,US,1667572636
534,campos novos,-27.4017,-51.225,67.62,45,11,1.66,BR,1667572636
535,kavaratti,10.5669,72.642,82.54,73,94,8.34,IN,1667572295
536,meulaboh,4.1363,96.1285,74.71,95,100,7.92,ID,1667572243
537,nuuk,64.1835,-51.7216,29.01,93,100,4.61,GL,1667572637
538,black river,18.0264,-77.8487,83.48,65,29,1.63,JM,1667572637
539,benguela,-12.5763,13.4055,80.28,73,26,10.11,AO,1667572638
540,chaykovskaya,58.1279,55.5378,31.89,96,41,2.28,RU,1667572639
541,yakeshi,49.2833,120.7333,10.26,97,42,2.8,CN,1667572639
542,auki,-8.7676,160.7034,76.71,86,10,2.21,SB,1667572640
543,la rioja,42.25,-2.5,46.18,76,99,13.06,ES,1667572641
544,toamasina,-18.1667,49.3833,78.8,73,20,9.22,MG,1667572641
545,omboue,-1.5746,9.2618,81.32,76,85,6.62,GA,1667572641
546,wanning,18.8003,110.3967,71.22,93,39,7.76,CN,1667572642
547,harper,4.375,-7.7169,81.41,79,100,6.76,LR,1667572645
548,terney,45.0503,136.6092,30.27,49,0,9.8,RU,1667572645
549,nome,64.5011,-165.4064,15.87,74,0,9.22,US,1667572373
550,den helder,52.9599,4.7593,55.38,64,75,10.0,NL,1667572646
551,tabuk,17.4189,121.4443,74.66,91,99,2.08,PH,1667572646
552,baghdad,33.3406,44.4009,76.91,20,0,6.91,IQ,1667572511
553,uchana,29.4667,76.1667,76.96,41,2,6.82,IN,1667572646
554,acolla,-11.7319,-75.5463,59.29,49,66,1.39,PE,1667572647
555,batagay,67.6333,134.6333,-9.4,100,74,4.25,RU,1667572647
556,brewster,41.3973,-73.6171,60.91,90,40,1.99,US,1667572648
557,necochea,-38.5473,-58.7368,70.72,42,0,11.32,AR,1667572376
558,uyuni,-20.4597,-66.825,59.22,11,0,12.95,BO,1667572648
559,cururupu,-1.8283,-44.8683,86.94,62,86,5.46,BR,1667572649
560,caconda,-13.7333,15.0667,70.05,71,85,4.99,AO,1667572649
561,chimoio,-19.1164,33.4833,82.26,61,75,6.08,MZ,1667572649
562,kangaatsiaq,68.3065,-53.4641,27.43,92,100,10.02,GL,1667572650
563,salina,38.8403,-97.6114,37.94,93,100,11.5,US,1667572399
564,bobo dioulasso,11.1771,-4.2979,91.85,19,0,8.05,BF,1667572650
565,brightwater,-41.3833,173.1167,47.59,87,4,6.42,NZ,1667572657
566,shelburne,44.0787,-80.2041,59.76,82,91,16.6,CA,1667572468
567,sompeta,18.9333,84.6,76.08,66,1,1.77,IN,1667572657
